{
  "passed": false,
  "primary": {
    "r2": 0.40014097445818475,
    "pearson_r": 0.6202291250228882,
    "baselines": {
      "no_op": {
        "r2": -2.89601061833622e-05,
        "pearson_r": 0.0
      },
      "global_mean_delta": {
        "r2": 0.009616720233444953,
        "pearson_r": 0.0
      },
      "per_gene_mean_delta": {
        "r2": 0.15200287750539787,
        "pearson_r": 0.33311885595321655
      },
      "linear_ridge": {
        "r2": 0.38679688000548107,
        "pearson_r": 0.6155621409416199
      },
      "nearest_neighbor": {
        "r2": 0.08532687797410443,
        "pearson_r": 0.38196972012519836
      }
    },
    "margin_checks": {
      "margin_vs_noop_r2": {
        "value": 0.4001699345643681,
        "threshold": 0.1,
        "pass": true
      },
      "margin_vs_global_mean_r2": {
        "value": 0.3905242542247398,
        "threshold": 0.05,
        "pass": true
      },
      "margin_vs_per_gene_mean_r2": {
        "value": 0.24813809695278688,
        "threshold": 0.0,
        "pass": true
      },
      "margin_vs_linear_ridge_pearson": {
        "value": 0.0046669840812683105,
        "threshold": 0.03,
        "pass": false
      },
      "margin_vs_knn_r2": {
        "value": 0.3148140964840803,
        "threshold": 0.03,
        "pass": true
      }
    }
  },
  "ood": {
    "r2": 0.299851427706044,
    "pearson_r": 0.5138617157936096,
    "baselines": {
      "no_op": {
        "r2": -2.370966777487382e-05,
        "pearson_r": 0.0
      },
      "global_mean_delta": {
        "r2": 6.238490089316429e-05,
        "pearson_r": 0.0
      },
      "per_gene_mean_delta": {
        "r2": 6.238490089316429e-05,
        "pearson_r": 0.0
      },
      "linear_ridge": {
        "r2": 0.18435741885891843,
        "pearson_r": 0.46754440665245056
      },
      "nearest_neighbor": {
        "r2": 0.03276608374879686,
        "pearson_r": 0.35374701023101807
      }
    },
    "margin_checks": {
      "margin_vs_noop_r2": {
        "value": 0.2998751373738189,
        "threshold": 0.1,
        "pass": true
      },
      "margin_vs_global_mean_r2": {
        "value": 0.29978904280515084,
        "threshold": 0.05,
        "pass": true
      },
      "margin_vs_per_gene_mean_r2": {
        "value": 0.29978904280515084,
        "threshold": 0.0,
        "pass": true
      },
      "margin_vs_linear_ridge_pearson": {
        "value": 0.04631730914115906,
        "threshold": 0.03,
        "pass": true
      },
      "margin_vs_knn_r2": {
        "value": 0.26708534395724715,
        "threshold": 0.03,
        "pass": true
      }
    }
  },
  "uncertainty_calibration": {
    "spearman": 0.8042135021303678,
    "pass": true
  },
  "uncertainty_calibration_ood": {
    "spearman": 0.6970636959891408,
    "pass": true
  },
  "margins_used": {
    "margin_vs_noop_r2": 0.1,
    "margin_vs_global_mean_r2": 0.05,
    "margin_vs_per_gene_mean_r2": 0.0,
    "margin_vs_linear_ridge_pearson": 0.03,
    "margin_vs_knn_r2": 0.03,
    "min_uncertainty_calibration_spearman": 0.2
  }
}