{
  "selection_metric": "gate_margin",
  "selected_source": "best_gate",
  "selected_is_recommended": false,
  "best_nll": {
    "checkpoint": "best_nll",
    "epoch": 46,
    "val": {
      "mlp_r2": 0.40367325939904963,
      "mlp_pearson": 0.6195758581161499,
      "ridge_r2": 0.391390039682056,
      "ridge_pearson": 0.6079132556915283,
      "mlp_minus_ridge_pearson": 0.011662602424621582,
      "uncertainty_spearman": 0.18023908390486823,
      "passed": false,
      "margin_checks": {
        "margin_vs_noop_r2": {
          "value": 0.4037249327863083,
          "threshold": 0.1,
          "pass": true
        },
        "margin_vs_global_mean_r2": {
          "value": 0.3923903257576157,
          "threshold": 0.05,
          "pass": true
        },
        "margin_vs_per_gene_mean_r2": {
          "value": 0.2465779305411967,
          "threshold": 0.0,
          "pass": true
        },
        "margin_vs_linear_ridge_pearson": {
          "value": 0.011662602424621582,
          "threshold": 0.03,
          "pass": false
        },
        "margin_vs_knn_r2": {
          "value": 0.31837590919849046,
          "threshold": 0.03,
          "pass": true
        }
      }
    },
    "ood": {
      "mlp_r2": 0.30113636807373545,
      "mlp_pearson": 0.5253886580467224,
      "ridge_r2": 0.18187629062264543,
      "ridge_pearson": 0.4455187916755676,
      "mlp_minus_ridge_pearson": 0.07986986637115479,
      "uncertainty_spearman": 0.1375999857672058
    },
    "dim11_val": {
      "mlp_pearson": 0.7369952201843262,
      "ridge_pearson": 0.7260093092918396
    },
    "dim11_ood": {
      "mlp_pearson": 0.5271508097648621,
      "ridge_pearson": 0.42734813690185547
    }
  },
  "best_gate": {
    "checkpoint": "best_gate",
    "epoch": 55,
    "gate_checkpoint_status": "preferred",
    "val": {
      "mlp_r2": 0.40457215668461544,
      "mlp_pearson": 0.6198841333389282,
      "ridge_r2": 0.391390039682056,
      "ridge_pearson": 0.6079132556915283,
      "mlp_minus_ridge_pearson": 0.011970877647399902,
      "uncertainty_spearman": 0.17784140469902995,
      "passed": false,
      "margin_checks": {
        "margin_vs_noop_r2": {
          "value": 0.4046238300718741,
          "threshold": 0.1,
          "pass": true
        },
        "margin_vs_global_mean_r2": {
          "value": 0.3932892230431815,
          "threshold": 0.05,
          "pass": true
        },
        "margin_vs_per_gene_mean_r2": {
          "value": 0.2474768278267625,
          "threshold": 0.0,
          "pass": true
        },
        "margin_vs_linear_ridge_pearson": {
          "value": 0.011970877647399902,
          "threshold": 0.03,
          "pass": false
        },
        "margin_vs_knn_r2": {
          "value": 0.31927480648405626,
          "threshold": 0.03,
          "pass": true
        }
      }
    },
    "ood": {
      "mlp_r2": 0.2985961040046068,
      "mlp_pearson": 0.5223597288131714,
      "ridge_r2": 0.18187629062264543,
      "ridge_pearson": 0.4455187916755676,
      "mlp_minus_ridge_pearson": 0.07684093713760376,
      "uncertainty_spearman": 0.13591423926176865
    },
    "dim11_val": {
      "mlp_pearson": 0.7379245162010193,
      "ridge_pearson": 0.7260093092918396
    },
    "dim11_ood": {
      "mlp_pearson": 0.5172667503356934,
      "ridge_pearson": 0.42734813690185547
    }
  },
  "recommendation": "reject_best_gate",
  "rationale": "best_gate uncertainty_spearman (0.1778) is below the minimum required threshold (0.20)."
}